Samples,TNF,CXCR3,P2RX7,CASP1,NLRP3,IL1B,LY96,CD4+,CD8+A ,CD8+B,PRF1,IFNG,IL17A,IL17RA
Androgen 1,-0.274324114,-0.34865603,-1.022970683,-0.351280579,-0.526637616,0.204801953,-1.151836025,1.840478477,0.684257036,0.644165068,-0.168433386,-0.426745074,-1.148881826,2.046062798
Control 1 ,0.051933209,-0.274604393,-0.945766213,0.428795847,-0.552028077,-0.222509566,-1.204991313,1.323787234,0.836036418,0.552992347,-0.395268651,-0.678828675,-1.203247967,2.2836998
Androgen 2,-0.105035419,-0.244882244,-0.968964421,-0.274592818,-0.495811376,0.172211711,-1.133387644,1.632185411,1.168350208,0.276641487,-0.326144468,-0.57171908,-1.213117395,2.084266049
Control 2,-0.184133755,-0.386943161,-0.91275857,-0.14259163,-0.54775838,0.087350887,-1.059792028,1.626923495,0.470966791,0.244145808,-0.29927811,-0.238562418,-1.139342893,2.481773964
Androgen 3,-0.347363156,-0.309121706,-0.752978667,0.201210753,-0.526022496,0.149899709,-1.097128209,1.640917306,0.612379562,0.116643231,-0.351062693,-0.641118448,-1.109956606,2.413701421
Control 3,-0.263702806,-0.211211304,-0.939174708,0.157959088,-0.437031568,0.239128887,-1.122170469,1.700651539,0.617627014,0.430683592,-0.623059179,-0.649246095,-1.123250239,2.222796247
