Samples,TNF,CXCR3,P2RX7,CASP1,NLRP3,IL1B,LY96,CD4+,CD8+A ,CD8+B,PRF1,IFNG,IL17A,IL17RA
Control 1 ,0.051933209,-0.274604393,-0.945766213,0.428795847,-0.552028077,-0.222509566,-1.204991313,1.323787234,0.836036418,0.552992347,-0.395268651,-0.678828675,-1.203247967,2.2836998
Estrogen Deprivation 1 ,-0.454602495,-0.241951123,-0.995596585,-0.039753536,-0.336689038,0.198142803,-1.172672092,1.65245991,0.540896385,0.415121912,-0.341071631,-0.406840072,-1.146196971,2.328752532
Control 2,-0.184133755,-0.386943161,-0.91275857,-0.14259163,-0.54775838,0.087350887,-1.059792028,1.626923495,0.470966791,0.244145808,-0.29927811,-0.238562418,-1.139342893,2.481773964
Estrogen Deprivation 2,-0.343250588,-0.28818092,-0.86610853,0.052893314,-0.658972131,0.171204245,-1.135382069,1.623960996,0.73054891,0.487507478,-0.248186236,-0.706739049,-1.086969799,2.26767438
Control 3,-0.263702806,-0.211211304,-0.939174708,0.157959088,-0.437031568,0.239128887,-1.122170469,1.700651539,0.617627014,0.430683592,-0.623059179,-0.649246095,-1.123250239,2.222796247
Estrogen Deprivation 3,-0.245136181,-0.174836441,-0.981726518,-0.047635957,-0.661513662,-0.167996978,-1.104693286,1.75684014,1.287317814,0.289946538,-0.318282964,-0.511229926,-1.090303392,1.969250814
