Samples,TNF,CXCR3,P2RX7,CASP1,NLRP3,IL1B,LY96,CD4+,CD8+A ,CD8+B,PRF1,IFNG,IL17A,IL17RA
Control 1 ,0.051933209,-0.274604393,-0.945766213,0.428795847,-0.552028077,-0.222509566,-1.204991313,1.323787234,0.836036418,0.552992347,-0.395268651,-0.678828675,-1.203247967,2.2836998
Tamoxifen 1,-0.11936611,-0.469016539,-0.991529264,-0.198242802,-0.529745567,0.03849303,-1.155952627,1.575251681,0.967730165,0.405255049,-0.305995644,-0.326289082,-1.137537905,2.246945616
Control 2,-0.184133755,-0.386943161,-0.91275857,-0.14259163,-0.54775838,0.087350887,-1.059792028,1.626923495,0.470966791,0.244145808,-0.29927811,-0.238562418,-1.139342893,2.481773964
Tamoxifen 2,0.102958964,-0.500620648,-0.830890193,-0.317100265,-0.349581467,0.096212619,-1.147338417,1.60329566,0.968168758,0.185640066,-0.266580125,-0.74434069,-1.075070174,2.275245912
Control 3,-0.263702806,-0.211211304,-0.939174708,0.157959088,-0.437031568,0.239128887,-1.122170469,1.700651539,0.617627014,0.430683592,-0.623059179,-0.649246095,-1.123250239,2.222796247
Tamoxifen 3,-0.245315643,-0.193072,-0.948055874,-0.282565971,-0.610711147,0.209702028,-1.173504558,1.877663692,1.067715429,0.487637327,-0.231457689,-0.643329723,-1.161372021,1.846666151
